{
  "project_info": {
    "project_number": "614289292981",
    "firebase_url": "https://covidpro-d7370.firebaseio.com",
    "project_id": "covidpro-d7370",
    "storage_bucket": "covidpro-d7370.appspot.com"
  },
  "client": [
    {
      "client_info": {
        "mobilesdk_app_id": "1:614289292981:android:b56f6d00cbb4dc117588fc",
        "android_client_info": {
          "package_name": "xyz.rkplap.covidpro"
        }
      },
      "oauth_client": [
        {
          "client_id": "614289292981-rn527k9old435igdaade8it5i9a229s2.apps.googleusercontent.com",
          "client_type": 3
        }
      ],
      "api_key": [
        {
          "current_key": "AIzaSyDxxwL7Hr3e_F9YlaCpP8pJsZ99tCK7WHQ"
        }
      ],
      "services": {
        "appinvite_service": {
          "other_platform_oauth_client": [
            {
              "client_id": "614289292981-rn527k9old435igdaade8it5i9a229s2.apps.googleusercontent.com",
              "client_type": 3
            }
          ]
        }
      }
    }
  ],
  "configuration_version": "1"
}